y_in,z_in,femur,tibia,p0_y,p0_z,p1_y,p1_z,p21_y,p21_z,p22_y,p22_z,p31_y,p31_z,p32_y,p32_z
-0.1, -0.2, -0.182239, 0.786408, 0, 0, 0.022654, -0.12293, 0.00845202, -0.143504, -0.106764, -0.0639734, -0.124466, -0.0672356, -0.1, -0.2
0, -0.22, -0.646272, 0.811778, 0, 0, 0.0752768, -0.0997918, 0.071158, -0.12445, -0.0669289, -0.101385, -0.0812989, -0.112225, 0, -0.22
0.12, -0.15, -1.30826, 1.00919, 0, 0, 0.120717, -0.0324413, 0.128083, -0.0563315, -0.00570272, -0.0975802, -0.0103743, -0.114963, 0.12, -0.15

